scenario,worker_concurrency,repetition,name,queue,status,duration_ms
mixed,8,1,hr.extract_text,heavy,succeeded,260
mixed,8,1,hr.extract_text,heavy,succeeded,285
mixed,8,1,hr.extract_text,heavy,succeeded,421
mixed,8,1,hr.extract_text,heavy,succeeded,295
mixed,8,1,hr.extract_text,heavy,succeeded,587
mixed,8,1,hr.extract_text,heavy,succeeded,452
mixed,8,1,hr.extract_text,heavy,succeeded,349
mixed,8,1,hr.extract_text,heavy,succeeded,541
mixed,8,1,hr.extract_text,heavy,succeeded,40
mixed,8,1,hr.extract_text,heavy,succeeded,128
mixed,8,1,hr.extract_text,heavy,succeeded,29
mixed,8,1,hr.extract_text,heavy,succeeded,45
mixed,8,1,hr.extract_text,heavy,succeeded,36
mixed,8,1,hr.extract_text,heavy,succeeded,79
mixed,8,1,hr.extract_text,heavy,succeeded,53
mixed,8,1,hr.extract_text,heavy,succeeded,47
mixed,8,1,hr.extract_text,heavy,succeeded,98
mixed,8,1,hr.extract_text,heavy,succeeded,26
mixed,8,1,hr.extract_text,heavy,succeeded,33
mixed,8,1,hr.extract_text,heavy,succeeded,80
mixed,8,1,hr.extract_text,heavy,succeeded,81
mixed,8,1,hr.extract_text,heavy,succeeded,48
mixed,8,1,hr.extract_text,heavy,succeeded,76
mixed,8,1,hr.extract_text,heavy,succeeded,180
mixed,8,1,hr.extract_text,heavy,succeeded,56
mixed,8,1,hr.extract_text,heavy,succeeded,85
mixed,8,1,hr.extract_text,heavy,succeeded,46
mixed,8,1,hr.extract_text,heavy,succeeded,212
mixed,8,1,hr.extract_text,heavy,succeeded,170
mixed,8,1,hr.extract_text,heavy,succeeded,142
mixed,8,1,hr.extract_text,heavy,succeeded,91
mixed,8,1,hr.extract_text,heavy,succeeded,57
mixed,8,1,hr.extract_text,heavy,succeeded,44
mixed,8,1,hr.extract_text,heavy,succeeded,102
mixed,8,1,hr.extract_text,heavy,succeeded,39
mixed,8,1,hr.extract_text,heavy,succeeded,39
mixed,8,1,hr.extract_text,heavy,succeeded,53
mixed,8,1,hr.extract_text,heavy,succeeded,67
mixed,8,1,hr.extract_text,heavy,succeeded,160
mixed,8,1,hr.extract_text,heavy,succeeded,105
mixed,8,1,hr.extract_text,heavy,succeeded,98
mixed,8,1,hr.extract_text,heavy,succeeded,133
mixed,8,1,hr.extract_text,heavy,succeeded,24
mixed,8,1,hr.extract_text,heavy,succeeded,74
mixed,8,1,hr.extract_text,heavy,succeeded,54
mixed,8,1,hr.extract_text,heavy,succeeded,25
mixed,8,1,hr.extract_text,heavy,succeeded,36
mixed,8,1,hr.extract_text,heavy,succeeded,45
mixed,8,1,hr.extract_text,heavy,succeeded,55
mixed,8,1,hr.extract_text,heavy,succeeded,50
mixed,8,1,hr.extract_text,heavy,succeeded,107
mixed,8,1,hr.extract_text,heavy,succeeded,34
mixed,8,1,hr.extract_text,heavy,succeeded,93
mixed,8,1,hr.extract_text,heavy,succeeded,34
mixed,8,1,hr.extract_text,heavy,succeeded,34
mixed,8,1,hr.extract_text,heavy,succeeded,155
mixed,8,1,hr.extract_text,heavy,succeeded,105
mixed,8,1,hr.extract_text,heavy,succeeded,139
mixed,8,1,hr.extract_text,heavy,succeeded,135
mixed,8,1,hr.extract_text,heavy,succeeded,106
mixed,8,1,hr.extract_text,heavy,succeeded,62
mixed,8,1,hr.extract_text,heavy,succeeded,74
mixed,8,1,hr.extract_text,heavy,succeeded,79
mixed,8,1,hr.extract_text,heavy,succeeded,63
mixed,8,1,hr.extract_text,heavy,succeeded,70
mixed,8,1,hr.extract_text,heavy,succeeded,27
mixed,8,1,hr.extract_text,heavy,succeeded,101
mixed,8,1,hr.extract_text,heavy,succeeded,60
mixed,8,1,hr.extract_text,heavy,succeeded,123
mixed,8,1,hr.extract_text,heavy,succeeded,111
mixed,8,1,hr.extract_text,heavy,succeeded,55
mixed,8,1,hr.extract_text,heavy,succeeded,95
mixed,8,1,hr.extract_text,heavy,succeeded,90
mixed,8,1,hr.extract_text,heavy,succeeded,126
mixed,8,1,hr.extract_text,heavy,succeeded,28
mixed,8,1,hr.extract_text,heavy,succeeded,63
mixed,8,1,hr.extract_text,heavy,succeeded,60
mixed,8,1,hr.extract_text,heavy,succeeded,37
mixed,8,1,hr.extract_text,heavy,succeeded,60
mixed,8,1,hr.extract_text,heavy,succeeded,130
mixed,8,1,hr.extract_text,heavy,succeeded,34
mixed,8,1,hr.extract_text,heavy,succeeded,56
mixed,8,1,hr.extract_text,heavy,succeeded,51
mixed,8,1,hr.extract_text,heavy,succeeded,72
mixed,8,1,hr.extract_text,heavy,succeeded,112
mixed,8,1,hr.extract_text,heavy,succeeded,36
mixed,8,1,hr.extract_text,heavy,succeeded,46
mixed,8,1,hr.extract_text,heavy,succeeded,29
mixed,8,1,hr.extract_text,heavy,succeeded,121
mixed,8,1,hr.extract_text,heavy,succeeded,64
mixed,8,1,hr.extract_text,heavy,succeeded,31
mixed,8,1,hr.extract_text,heavy,succeeded,27
mixed,8,1,hr.extract_text,heavy,succeeded,73
mixed,8,1,hr.extract_text,heavy,succeeded,50
mixed,8,1,hr.extract_text,heavy,succeeded,41
mixed,8,1,hr.extract_text,heavy,succeeded,79
mixed,8,1,hr.extract_text,heavy,succeeded,94
mixed,8,1,hr.extract_text,heavy,succeeded,230
mixed,8,1,hr.extract_text,heavy,succeeded,177
mixed,8,1,hr.score_candidate,heavy,succeeded,9943
mixed,8,1,hr.extract_text,heavy,succeeded,160
mixed,8,1,hr.score_candidate,heavy,succeeded,11107
mixed,8,1,hr.score_candidate,heavy,succeeded,11435
mixed,8,1,hr.score_candidate,heavy,succeeded,12580
mixed,8,1,hr.score_candidate,heavy,succeeded,11955
mixed,8,1,hr.score_candidate,heavy,succeeded,15233
mixed,8,1,hr.score_candidate,heavy,succeeded,11290
mixed,8,1,hr.score_candidate,heavy,succeeded,10215
mixed,8,1,hr.score_candidate,heavy,succeeded,10566
mixed,8,1,hr.score_candidate,heavy,succeeded,12052
mixed,8,1,hr.score_candidate,heavy,succeeded,9122
mixed,8,1,hr.score_candidate,heavy,succeeded,8878
mixed,8,1,hr.score_candidate,heavy,succeeded,10719
mixed,8,1,hr.score_candidate,heavy,succeeded,12167
mixed,8,1,hr.score_candidate,heavy,succeeded,12036
mixed,8,1,hr.score_candidate,heavy,succeeded,8846
mixed,8,1,hr.score_candidate,heavy,succeeded,8571
mixed,8,1,hr.score_candidate,heavy,succeeded,12453
mixed,8,1,hr.score_candidate,heavy,succeeded,10097
mixed,8,1,hr.score_candidate,heavy,succeeded,11199
mixed,8,1,hr.score_candidate,heavy,succeeded,13030
mixed,8,1,hr.score_candidate,heavy,succeeded,11174
mixed,8,1,hr.score_candidate,heavy,succeeded,12905
mixed,8,1,hr.score_candidate,heavy,succeeded,9972
mixed,8,1,hr.score_candidate,heavy,succeeded,9877
mixed,8,1,hr.score_candidate,heavy,succeeded,8441
mixed,8,1,hr.score_candidate,heavy,succeeded,14642
mixed,8,1,hr.score_candidate,heavy,succeeded,10866
mixed,8,1,hr.score_candidate,heavy,succeeded,9718
mixed,8,1,hr.score_candidate,heavy,succeeded,11920
mixed,8,1,hr.score_candidate,heavy,succeeded,9356
mixed,8,1,hr.score_candidate,heavy,succeeded,12443
mixed,8,1,hr.score_candidate,heavy,succeeded,9384
mixed,8,1,hr.score_candidate,heavy,succeeded,28619
mixed,8,1,hr.score_candidate,heavy,succeeded,24035
mixed,8,1,hr.score_candidate,heavy,succeeded,30437
mixed,8,1,hr.score_candidate,heavy,succeeded,30046
mixed,8,1,hr.score_candidate,heavy,succeeded,26967
mixed,8,1,hr.score_candidate,heavy,succeeded,28085
mixed,8,1,hr.score_candidate,heavy,succeeded,27250
mixed,8,1,hr.score_candidate,heavy,succeeded,29213
mixed,8,1,hr.score_candidate,heavy,succeeded,11179
mixed,8,1,hr.score_candidate,heavy,succeeded,10972
mixed,8,1,hr.score_candidate,heavy,succeeded,9959
mixed,8,1,hr.score_candidate,heavy,succeeded,10692
mixed,8,1,hr.score_candidate,heavy,succeeded,12239
mixed,8,1,hr.score_candidate,heavy,succeeded,10143
mixed,8,1,hr.score_candidate,heavy,succeeded,10529
mixed,8,1,hr.score_candidate,heavy,succeeded,9992
mixed,8,1,hr.score_candidate,heavy,succeeded,9756
mixed,8,1,hr.score_candidate,heavy,succeeded,10769
mixed,8,1,hr.score_candidate,heavy,succeeded,10035
mixed,8,1,hr.score_candidate,heavy,succeeded,14558
mixed,8,1,hr.score_candidate,heavy,succeeded,10843
mixed,8,1,hr.score_candidate,heavy,succeeded,8346
mixed,8,1,hr.score_candidate,heavy,succeeded,11185
mixed,8,1,hr.score_candidate,heavy,succeeded,9382
mixed,8,1,hr.score_candidate,heavy,succeeded,14048
mixed,8,1,hr.score_candidate,heavy,succeeded,10175
mixed,8,1,hr.score_candidate,heavy,succeeded,11453
mixed,8,1,hr.score_candidate,heavy,succeeded,12664
mixed,8,1,hr.score_candidate,heavy,succeeded,11140
mixed,8,1,hr.score_candidate,heavy,succeeded,30289
mixed,8,1,hr.score_candidate,heavy,succeeded,30105
mixed,8,1,hr.score_candidate,heavy,succeeded,28864
mixed,8,1,hr.score_candidate,heavy,succeeded,28268
mixed,8,1,hr.score_candidate,heavy,succeeded,28812
mixed,8,1,hr.score_candidate,heavy,succeeded,27707
mixed,8,1,hr.score_candidate,heavy,succeeded,28389
mixed,8,1,hr.score_candidate,heavy,succeeded,25768
mixed,8,1,hr.score_candidate,heavy,succeeded,10652
mixed,8,1,hr.score_candidate,heavy,succeeded,9776
mixed,8,1,hr.score_candidate,heavy,succeeded,10997
mixed,8,1,hr.score_candidate,heavy,succeeded,9816
mixed,8,1,hr.score_candidate,heavy,succeeded,11267
mixed,8,1,hr.score_candidate,heavy,succeeded,11660
mixed,8,1,hr.score_candidate,heavy,succeeded,13223
mixed,8,1,hr.score_candidate,heavy,succeeded,10103
mixed,8,1,hr.score_candidate,heavy,succeeded,7382
mixed,8,1,hr.score_candidate,heavy,succeeded,9727
mixed,8,1,hr.score_candidate,heavy,succeeded,8258
mixed,8,1,hr.score_candidate,heavy,succeeded,9089
mixed,8,1,hr.score_candidate,heavy,succeeded,10741
mixed,8,1,hr.score_candidate,heavy,succeeded,8388
mixed,8,1,hr.score_candidate,heavy,succeeded,9021
mixed,8,1,hr.score_candidate,heavy,succeeded,10581
mixed,8,1,hr.score_candidate,heavy,succeeded,11326
mixed,8,1,hr.score_candidate,heavy,succeeded,8633
mixed,8,1,hr.score_candidate,heavy,succeeded,10777
mixed,8,1,hr.score_candidate,heavy,succeeded,9562
mixed,8,1,hr.score_candidate,heavy,succeeded,36142
mixed,8,1,hr.score_candidate,heavy,succeeded,10121
mixed,8,1,hr.score_candidate,heavy,succeeded,34285
mixed,8,1,hr.score_candidate,heavy,succeeded,34108
mixed,8,1,hr.score_candidate,heavy,succeeded,32072
mixed,8,1,hr.score_candidate,heavy,succeeded,32650
mixed,8,1,hr.score_candidate,heavy,succeeded,31166
mixed,8,1,hr.score_candidate,heavy,succeeded,34350
mixed,8,1,hr.score_candidate,heavy,succeeded,31920
mixed,8,1,hr.score_candidate,heavy,succeeded,10706
mixed,8,1,hr.rank_run,light,succeeded,84
